experiment_id,vehicle_set,run_date,distance_cm,trial,time_s,distance_uncertainty_cm,stopwatch_resolution_s,velocity_m_per_s,data_type
LEGO30585-RAMP-001,30585,2026-09-30,5,1,0.26,0.1,0.01,0.19231,synthetic_example
LEGO30585-RAMP-001,30585,2026-09-30,5,2,0.25,0.1,0.01,0.20000,synthetic_example
LEGO30585-RAMP-001,30585,2026-09-30,5,3,0.27,0.1,0.01,0.18519,synthetic_example
LEGO30585-RAMP-001,30585,2026-09-30,10,1,0.49,0.1,0.01,0.20408,synthetic_example
LEGO30585-RAMP-001,30585,2026-09-30,10,2,0.51,0.1,0.01,0.19608,synthetic_example
LEGO30585-RAMP-001,30585,2026-09-30,10,3,0.50,0.1,0.01,0.20000,synthetic_example
LEGO30585-RAMP-001,30585,2026-09-30,15,1,0.73,0.1,0.01,0.20548,synthetic_example
LEGO30585-RAMP-001,30585,2026-09-30,15,2,0.75,0.1,0.01,0.20000,synthetic_example
LEGO30585-RAMP-001,30585,2026-09-30,15,3,0.74,0.1,0.01,0.20270,synthetic_example
LEGO30585-RAMP-001,30585,2026-09-30,20,1,0.98,0.1,0.01,0.20408,synthetic_example
LEGO30585-RAMP-001,30585,2026-09-30,20,2,1.00,0.1,0.01,0.20000,synthetic_example
LEGO30585-RAMP-001,30585,2026-09-30,20,3,0.99,0.1,0.01,0.20202,synthetic_example
